{"cameraMode":{"drawMode":0,"name":"Shaded","section":"Shading Mode"},"sceneLighting":true,"audioPlay":false,"sceneViewState":{"showFog":true,"showMaterialUpdate":false,"showSkybox":true,"showFlares":true,"showImageEffects":true,"showParticleSystems":true},"in2DMode":false,"pivot":{"x":0.6222497224807739,"y":0.7426517009735107,"z":16.500385284423829},"rotation":{"x":-0.13628919422626496,"y":-0.035680584609508517,"z":0.0049118464812636379,"w":-0.9900141954421997},"size":11.246809005737305,"orthographic":false}