{"cameraMode":{"drawMode":0,"name":"Shaded","section":"Shading Mode"},"sceneLighting":true,"audioPlay":false,"sceneViewState":{"showFog":true,"showMaterialUpdate":false,"showSkybox":true,"showFlares":true,"showImageEffects":true,"showParticleSystems":true},"in2DMode":false,"pivot":{"x":11.23567008972168,"y":14.193697929382325,"z":-3.454662799835205},"rotation":{"x":-0.20714572072029115,"y":-0.6146069169044495,"z":0.17168867588043214,"w":-0.7415335774421692},"size":22.639272689819337,"orthographic":false}