{"cameraMode":{"drawMode":0,"name":"Shaded","section":"Shading Mode"},"sceneLighting":true,"audioPlay":false,"sceneViewState":{"showFog":true,"showMaterialUpdate":false,"showSkybox":true,"showFlares":true,"showImageEffects":true,"showParticleSystems":true},"in2DMode":false,"pivot":{"x":28.267427444458009,"y":1.7112390995025635,"z":29.934789657592775},"rotation":{"x":-0.005615458823740482,"y":-0.3522682785987854,"z":0.0021136843133717777,"w":-0.9358798265457153},"size":50.951744079589847,"orthographic":false}