{"cameraMode":{"drawMode":0,"name":"Shaded","section":"Shading Mode"},"sceneLighting":true,"audioPlay":false,"sceneViewState":{"showFog":true,"showMaterialUpdate":false,"showSkybox":true,"showFlares":true,"showImageEffects":true,"showParticleSystems":true},"in2DMode":false,"pivot":{"x":20.980073928833009,"y":-3.7123990058898927,"z":-1.9766778945922852},"rotation":{"x":-0.11588790267705918,"y":-0.7524445056915283,"z":0.13762159645557404,"w":-0.6336068511009216},"size":31.343502044677736,"orthographic":false}