{"cameraMode":{"drawMode":0,"name":"Shaded","section":"Shading Mode"},"sceneLighting":false,"audioPlay":false,"sceneViewState":{"showFog":true,"showMaterialUpdate":false,"showSkybox":false,"showFlares":true,"showImageEffects":true,"showParticleSystems":true},"in2DMode":false,"pivot":{"x":1.8799999952316285,"y":0.06000000238418579,"z":-8.470000267028809},"rotation":{"x":0.12555097043514253,"y":0.8718194365501404,"z":-0.29658424854278567,"w":0.3690604269504547},"size":2.7212510108947756,"orthographic":false}