{"cameraMode":{"drawMode":0,"name":"Shaded","section":"Shading Mode"},"sceneLighting":false,"audioPlay":false,"sceneViewState":{"showFog":true,"showMaterialUpdate":false,"showSkybox":false,"showFlares":true,"showImageEffects":true,"showParticleSystems":true},"in2DMode":false,"pivot":{"x":0.04971885681152344,"y":0.23716342449188233,"z":-8.50804615020752},"rotation":{"x":0.11485180258750916,"y":0.8581173419952393,"z":-0.21902994811534882,"w":0.44996610283851626},"size":2.7212510108947756,"orthographic":false}