{"cameraMode":{"drawMode":0,"name":"Shaded","section":"Shading Mode"},"sceneLighting":false,"audioPlay":false,"sceneViewState":{"showFog":true,"showMaterialUpdate":false,"showSkybox":false,"showFlares":true,"showImageEffects":true,"showParticleSystems":true},"in2DMode":false,"pivot":{"x":2.9537758827209474,"y":0.12001997232437134,"z":-8.470000267028809},"rotation":{"x":0.3109178841114044,"y":0.26117685437202456,"z":-0.08928805589675904,"w":0.9094772338867188},"size":2.9544482231140138,"orthographic":false}