{"cameraMode":{"drawMode":0,"name":"Shaded","section":"Shading Mode"},"sceneLighting":false,"audioPlay":false,"sceneViewState":{"showFog":true,"showMaterialUpdate":false,"showSkybox":false,"showFlares":true,"showImageEffects":true,"showParticleSystems":true},"in2DMode":false,"pivot":{"x":1.645751953125,"y":1.5262353420257569,"z":-2.337709903717041},"rotation":{"x":0.2579062879085541,"y":0.3445361256599426,"z":-0.09903863817453385,"w":0.8972032070159912},"size":1.2193390130996705,"orthographic":false}