{"cameraMode":{"drawMode":0,"name":"Shaded","section":"Shading Mode"},"sceneLighting":true,"audioPlay":false,"sceneViewState":{"showFog":true,"showMaterialUpdate":false,"showSkybox":true,"showFlares":true,"showImageEffects":true,"showParticleSystems":true},"in2DMode":false,"pivot":{"x":10.62469482421875,"y":3.024378776550293,"z":1.8253545761108399},"rotation":{"x":0.2579062879085541,"y":0.3445361256599426,"z":-0.09903863817453385,"w":0.8972032070159912},"size":17.56897735595703,"orthographic":false}