{"cameraMode":{"drawMode":0,"name":"Shaded","section":"Shading Mode"},"sceneLighting":true,"audioPlay":false,"sceneViewState":{"showFog":true,"showMaterialUpdate":false,"showSkybox":true,"showFlares":true,"showImageEffects":true,"showParticleSystems":true},"in2DMode":false,"pivot":{"x":1.9339327812194825,"y":-9.428156852722168,"z":-27.388029098510743},"rotation":{"x":-0.009584144689142704,"y":-0.9666211605072022,"z":0.2534075081348419,"w":-0.036555588245391849},"size":48.502227783203128,"orthographic":false}