{"cameraMode":{"drawMode":0,"name":"Shaded","section":"Shading Mode"},"sceneLighting":false,"audioPlay":false,"sceneViewState":{"showFog":true,"showMaterialUpdate":false,"showSkybox":false,"showFlares":true,"showImageEffects":true,"showParticleSystems":true},"in2DMode":false,"pivot":{"x":0.0,"y":0.06000000238418579,"z":-8.470000267028809},"rotation":{"x":-0.07305080443620682,"y":-0.8159710168838501,"z":0.10575583577156067,"w":-0.563622772693634},"size":2.7212510108947756,"orthographic":false}